<?xml version="1.0" encoding="UTF-8" ?>
<!DOCTYPE configuration
  PUBLIC "-//mybatis.org//DTD Config 3.0//EN"
  "https://mybatis.org/dtd/mybatis-3-config.dtd">
<configuration>
	<properties resource="com/smhrd/database/db.properties"></properties>
	<typeAliases>
		<typeAlias type="com.smhrd.model.DiaryDTO" alias="DiaryDTO" />
		<typeAlias type="com.smhrd.model.KakaoDTO" alias="KakaoDTO" />
	</typeAliases>
	<environments default="development">
		<environment id="development">
			<transactionManager type="JDBC" />
			<dataSource type="POOLED">
				<property name="driver" value="${driver}" />
				<property name="url" value="${url}" />
				<property name="username" value="${username}" />
				<property name="password" value="${password}" />
			</dataSource>
		</environment>
	</environments>
	<mappers>
		<mapper resource="com/smhrd/mapper/DiaryMapper.xml" />
		<mapper resource="com/smhrd/mapper/KakaoMapper.xml" />
	</mappers>
</configuration>